{
    "I":24,
    "N":48,
    "team_1":[2,3,11,13,4,9,6,24,8,12,23,1,17,3,2,4,19,7,20,6,5,8,10,1,14,19,17,15,16,20,21,7,18,5,10,22,3,13,6,2,11,10,16,5,13,2,16,3],
    "team_2":[15,14,19,17,16,20,21,7,18,5,10,22,15,11,13,9,14,21,16,24,18,12,22,23,11,3,2,13,9,4,24,6,12,8,1,23,17,4,18,9,1,8,14,7,6,1,5,10],
    "score_1":[4.0,1.0,3.0,3.0,1.0,3.0,2.0,0.0,1.0,0.0,0.0,13.0,2.0,
               1.0,2.0,3.0,0.0,2.0,0.0,1.0,3.0,2.0,5.0,3.0,0.0,0.0,
               0.0,1.0,0.0,1.0,3.0,0.0,2.0,2.0,0.0,0.0,3.0,1.0,3.0,
               2.0,1.0,1.0,2.0,2.0,0.0,1.0,0.0,1.0],
    "score_2":[0.0,0.0,1.0,0.0,2.0,0.0,1.0,0.0,0.0,1.0,
               2.0,0.0,0.0,0.0,1.0,2.0,1.0,
               1.0,5.0,0.0,1.0,0.0,1.0,0.0,0.0,4.0,
               1.0,2.0,1.0,4.0,3.0,2.0,1.0,1.0,
               2.0,2.0,0.0,1.0,0.0,1.0,2.0,0.0,0.0,1.0,3.0,2.0,2.0,2.0],
    "spi":[97.20623,95.31747,94.17161,93.132,92.70844,92.70323,
           92.29078,92.2255,89.11921,85.88081,83.58046,82.9779,
           82.91128,82.09853,80.75559,71.10678,70.89562,62.52617,
           61.50796,59.78145,50.75001,50.43348,48.96239,37.08972]
}
